"0x6076a0","Name Pointer","Description Pointer","Character Number","Class","Portrait","***UNKNOWN***","Mini Portrait (Zero is Default)","Affinity","***UNKNOWN***","Level","Base HP","Base Strength/Magic","Base Skill","Base Speed","Base Defense","Base Resistance","Base Luck","Constitution Bonus","Sword Level","Spear Level","Axe Level","Bow Level","Staff Level","Anima Level","Light Level","Dark Level","HP Growth","Strength/Magic Growth","Skill Growth","Speed Growth","Defense Growth","Resistance Growth","Luck Growth","Palette Pointer - Unpromoted","Palette Pointer - Promoted","***UNKNOWN*** (Zero)","***UNKNOWN*** (Zero)","***UNKNOWN*** (Zero)","Character Ability 1","Character Ability 2","Character Ability 3","Character Ability 4","Supports Data Pointer"
"None","0x3","0x0","0x81","0xf6","0x5","0x8","0x3","0","0x0","0","-71","-10","5","8","3","0","0","0","225","246","5","8","3","0","0","0","29","247","5","8","3","0","0","0x0","0x4d","0xf7","0x5","0x8","0x0","0x0","0x0","0x0","0x0"
"Roy","0x7ec","0x4b9","0x1","0x1","0x2","0x0","0x0","1","0x1","1","0","2","2","3","0","0","7","0","0","0","0","0","0","0","0","0","80","40","50","40","25","30","60","0x1","0x1","0x0","0x0","0x0","0x0","0x0","0x0","0x0","0x8662098"
"Clarine","0x7ed","0x4ba","0x2","0x24","0x3","0x0","0x0","2","0xf","1","0","1","4","6","0","0","8","0","0","0","0","0","0","0","0","0","40","30","40","50","10","40","65","0x48","0x49","0x0","0x0","0x0","0x0","0x40","0x0","0x0","0x86620b8"
"Fa","0x7ee","0x4bb","0x3","0x39","0x4","0x0","0x0","6","0x2e","1","4","2","2","1","1","5","7","0","0","0","0","0","0","0","0","0","130","90","85","65","30","50","150","0x0","0x0","0x0","0x0","0x0","0x0","0x40","0x0","0x0","0x86620d8"
"Shin","0x7ef","0x4bc","0x4","0x26","0x5","0x0","0x0","4","0x1d","5","8","2","4","5","3","0","6","0","0","0","0","0","0","0","0","0","75","45","50","50","10","15","25","0x24","0x26","0x0","0x0","0x0","0x0","0x0","0x0","0x0","0x86620f8"
"Sue","0x7f0","0x4bd","0x5","0x27","0x6","0x0","0x0","3","0x13","1","3","1","2","2","2","0","4","0","0","0","0","0","0","0","0","0","55","30","55","65","10","15","50","0x23","0x25","0x0","0x0","0x0","0x0","0x40","0x0","0x0","0x8662118"
"Dayan","0x7f1","0x4be","0x6","0x28","0x7","0x0","0x0","7","0x34","14","22","7","10","13","4","9","12","1","101","0","0","251","0","0","0","0","55","20","20","15","10","10","20","0x0","0x27","0x0","0x0","0x0","0x0","0x0","0x0","0x0","0x8662138"
"Dayan (NPC)","0x7f2","0x4be","0x7","0x28","0x7","0x0","0x0","7","0x0","14","22","7","10","13","4","9","12","1","101","0","0","201","0","0","0","0","55","20","20","15","10","10","20","0x0","0x27","0x0","0x0","0x0","0x0","0x0","0x80","0x0","0x0"
"Barth","0x7f3","0x4bf","0x8","0xc","0x8","0x0","0x0","4","0x19","9","8","5","4","5","5","1","2","3","0","101","0","0","0","0","0","0","100","60","25","20","40","2","20","0x7","0x50","0x0","0x0","0x0","0x0","0x0","0x40","0x0","0x8662158"
"Bors","0x7f4","0x4c0","0x9","0xc","0x9","0x0","0x0","3","0x6","1","3","2","2","3","2","0","4","1","0","101","0","0","0","0","0","0","90","30","30","40","35","10","50","0x6","0x51","0x0","0x0","0x0","0x0","0x0","0x40","0x0","0x8662178"
"Wendy","0x7f5","0x4c1","0xa","0xd","0xbd","0x0","0x0","1","0x1b","1","3","0","0","2","0","0","6","0","0","0","0","0","0","0","0","0","85","40","40","40","30","10","45","0x8","0x4f","0x0","0x0","0x0","0x0","0x40","0x40","0x0","0x8662198"
"Douglas","0x7f6","0x4c2","0xb","0xe","0xa","0x0","0x0","2","0x31","8","25","11","9","5","7","2","11","2","0","201","201","0","0","0","0","0","60","30","30","30","30","5","20","0x0","0x52","0x0","0x0","0x0","0x0","0x0","0x0","0x0","0x86621b8"
"Douglas (NPC)","0x7f7","0x4c2","0xc","0xe","0xa","0x0","0x0","2","0x0","8","25","11","9","5","7","2","11","2","0","201","201","0","0","0","0","0","60","30","30","30","30","5","20","0x0","0x52","0x0","0x0","0x0","0x0","0x0","0x80","0x0","0x0"
"Wolt","0x7f8","0x4c3","0xd","0x10","0xb","0x0","0x0","4","0x5","1","0","0","1","2","1","0","2","0","0","0","0","0","0","0","0","0","80","40","50","40","20","10","40","0x2","0x40","0x0","0x0","0x0","0x0","0x0","0x0","0x0","0x86621d8"
"Dorothy","0x7f9","0x4c4","0xe","0x11","0xc","0x0","0x0","1","0x12","3","2","2","3","2","1","2","3","1","0","0","0","0","0","0","0","0","85","50","45","45","15","15","35","0x3","0x3d","0x0","0x0","0x0","0x0","0x40","0x0","0x0","0x86621f8"
"Klein","0x7fa","0x4c5","0xf","0x12","0xd","0x0","0x0","4","0x20","1","6","6","7","6","3","4","10","-1","0","0","0","201","0","0","0","0","60","35","40","45","15","25","50","0x0","0x3f","0x0","0x0","0x0","0x0","0x0","0x0","0x0","0x8662218"
"Saul","0x7fb","0x4c6","0x10","0x14","0xe","0x0","0x0","4","0x11","5","2","3","5","8","1","0","2","1","0","0","0","0","101","0","0","0","60","40","45","45","15","50","15","0x35","0xc","0x0","0x0","0x0","0x0","0x0","0x0","0x0","0x8662238"
"Elen","0x7fc","0x4c7","0x11","0x15","0xf","0x0","0x0","3","0x8","2","0","0","4","6","0","0","8","0","0","0","0","0","51","0","0","0","45","50","30","20","5","60","70","0x34","0xa","0x0","0x0","0x0","0x0","0x40","0x0","0x0","0x8662258"
"Yodel","0x7fd","0x4c8","0x12","0x16","0x10","0x0","0x0","6","0x35","17","14","15","14","10","2","22","11","0","0","0","0","0","251","0","201","0","20","30","15","10","10","20","20","0x0","0xb","0x0","0x0","0x0","0x0","0x0","0x0","0x0","0x8662278"
"Yodel (NPC)","0x7fe","0x4c8","0x13","0x16","0x10","0x0","0x0","6","0x0","20","14","15","14","10","2","22","11","0","0","0","0","0","251","0","201","0","20","30","15","10","10","20","20","0x0","0xb","0x0","0x0","0x0","0x0","0x0","0x80","0x0","0x0"
"Chad","0x7ff","0x4c9","0x14","0x34","0x11","0x0","0x0","2","0xd","1","0","0","2","1","0","0","4","-1","0","0","0","0","0","0","0","0","85","50","50","80","25","15","60","0x47","0x0","0x0","0x0","0x0","0x0","0x0","0x0","0x0","0x8662298"
"Karel","0x800","0x4ca","0x15","0x8","0x12","0x0","0x0","6","0x36","19","23","14","17","13","10","11","18","0","251","0","0","0","0","0","0","0","210","130","140","140","110","100","120","0x0","0x44","0x0","0x0","0x0","0x0","0x0","0x0","0x0","0x86622b8"
"Fir","0x801","0x4cb","0x16","0x7","0x13","0x0","0x0","1","0x1c","1","4","3","0","0","2","0","3","0","0","0","0","0","0","0","0","0","75","25","50","55","15","20","50","0x21","0x43","0x0","0x0","0x0","0x0","0x40","0x0","0x0","0x86622d8"
"Rutger","0x802","0x4cc","0x17","0x6","0x14","0x0","0x0","5","0x10","4","6","3","3","4","3","0","2","-1","101","0","0","0","0","0","0","0","80","30","60","50","20","20","30","0x22","0x45","0x0","0x0","0x0","0x0","0x0","0x0","0x0","0x86622f8"
"Dieck","0x803","0x4cd","0x18","0x2","0x15","0x0","0x0","2","0x9","5","8","5","4","2","2","1","5","4","101","0","0","0","0","0","0","0","90","40","40","30","20","15","35","0x1f","0xe","0x0","0x0","0x0","0x0","0x0","0x0","0x0","0x8662318"
"Oujay","0x804","0x4ce","0x19","0x2","0x16","0x0","0x0","3","0x1a","3","6","3","2","1","0","0","6","-1","0","0","0","0","0","0","0","0","85","40","30","45","20","15","55","0x20","0x10","0x0","0x0","0x0","0x0","0x0","0x0","0x0","0x8662338"
"Garet","0x805","0x4cf","0x1a","0x33","0x17","0x0","0x0","3","0x2d","2","25","10","7","3","3","4","12","0","0","0","0","0","0","0","0","0","70","45","25","25","15","5","15","0x0","0xf","0x0","0x0","0x0","0x0","0x0","0x0","0x0","0x8662358"
"Alan","0x806","0x4d0","0x1b","0x20","0x18","0x0","0x0","1","0x3","1","1","2","2","1","0","0","3","0","0","0","0","0","0","0","0","0","85","45","40","45","25","10","40","0x36","0x28","0x0","0x0","0x0","0x0","0x0","0x0","0x0","0x8662378"
"Lance","0x807","0x4d1","0x1c","0x20","0x19","0x0","0x0","7","0x4","1","0","0","4","3","0","0","2","0","0","0","0","0","0","0","0","0","80","40","45","50","20","15","35","0x37","0x2a","0x0","0x0","0x0","0x0","0x0","0x0","0x0","0x8662398"
"Percival","0x808","0x4d2","0x1d","0x22","0x1a","0x0","0x0","5","0x29","13","20","10","9","11","6","8","12","1","201","201","101","0","0","0","0","0","75","30","25","35","20","10","20","0x0","0x2d","0x0","0x0","0x0","0x0","0x0","0x0","0x0","0x86623b8"
"Igrene","0x809","0x4d3","0x1e","0x13","0x1b","0x0","0x0","4","0x2c","5","13","10","12","8","6","7","9","0","0","0","0","151","0","0","0","0","70","35","25","35","10","5","20","0x0","0x3e","0x0","0x0","0x0","0x0","0x40","0x0","0x0","0x86623d8"
"Marcus","0x80a","0x4d4","0x1f","0x22","0x1c","0x0","0x0","4","0x2","1","9","2","10","4","1","5","10","0","0","201","0","0","0","0","0","0","60","25","20","25","15","20","20","0x0","0x2b","0x0","0x0","0x0","0x0","0x0","0x0","0x0","0x86623f8"
"Astol","0x80b","0x4d5","0x20","0x34","0x1d","0x0","0x0","5","0x17","10","9","4","7","6","5","3","11","2","101","0","0","0","0","0","0","0","90","35","40","50","20","20","15","0x29","0x0","0x0","0x0","0x0","0x0","0x0","0x0","0x0","0x8662418"
"Ward","0x80c","0x4d6","0x21","0xa","0x1e","0x0","0x0","1","0xa","2","8","3","1","1","1","0","4","2","0","0","51","0","0","0","0","0","75","50","45","20","30","5","45","0x1b","0x61","0x0","0x0","0x0","0x0","0x0","0x0","0x0","0x8662438"
"Lot","0x80d","0x4d7","0x22","0xa","0x1f","0x0","0x0","7","0xb","3","9","2","4","3","2","1","2","1","0","0","0","0","0","0","0","0","80","30","30","35","40","15","30","0x1a","0x60","0x0","0x0","0x0","0x0","0x0","0x0","0x0","0x8662458"
"Bartre","0x80e","0x4d8","0x23","0xb","0x20","0x0","0x0","2","0x25","1","20","14","6","4","5","3","14","1","0","0","201","51","0","0","0","0","70","40","20","30","20","5","20","0x19","0x64","0x0","0x0","0x0","0x0","0x0","0x0","0x0","0x8662478"
"Bartre (NPC)","0x80f","0x4d8","0x24","0xb","0x20","0x0","0x0","2","0x0","1","20","14","6","4","5","3","14","1","0","0","201","51","0","0","0","0","70","40","20","30","20","5","20","0x0","0x64","0x0","0x0","0x0","0x0","0x0","0x80","0x0","0x0"
"Lugh","0x810","0x4d9","0x25","0x18","0x21","0x0","0x0","1","0xe","1","0","3","3","3","0","2","5","-2","0","0","0","0","0","0","0","0","50","40","50","50","15","30","35","0x1e","0x65","0x0","0x0","0x0","0x0","0x0","0x0","0x0","0x8662498"
"Lilina","0x811","0x4da","0x26","0x19","0x22","0x0","0x0","6","0x18","1","0","4","2","2","0","3","4","0","0","0","0","0","0","101","0","0","45","75","20","35","10","35","50","0x1c","0x3b","0x0","0x0","0x0","0x0","0x40","0x0","0x0","0x86624b8"
"Hugh","0x812","0x4db","0x27","0x18","0x23","0x0","0x0","3","0x2f","15","10","12","9","9","6","6","10","1","0","0","0","0","0","101","0","0","75","30","30","45","20","15","25","0x1d","0x3c","0x0","0x0","0x0","0x0","0x0","0x0","0x0","0x86624d8"
"Niime","0x813","0x4dc","0x28","0x1f","0x24","0x0","0x0","7","0x32","17","8","14","17","12","2","11","15","0","0","0","0","0","201","0","0","201","25","15","15","15","15","20","5","0x0","0x15","0x0","0x0","0x0","0x0","0x40","0x0","0x0","0x86624f8"
"Niime (NPC)","0x814","0x4dc","0x29","0x1f","0x24","0x0","0x0","7","0x0","20","9","15","17","13","2","12","16","0","0","0","0","0","201","0","0","201","25","15","15","15","15","20","5","0x0","0x15","0x0","0x0","0x0","0x0","0x40","0x80","0x0","0x0"
"Rei","0x815","0x4dd","0x2a","0x1c","0x25","0x0","0x0","4","0x26","10","7","10","8","7","3","6","6","-1","0","0","0","0","0","0","0","101","55","45","55","40","15","35","15","0x42","0x14","0x0","0x0","0x0","0x0","0x0","0x0","0x0","0x8662518"
"Lalam","0x816","0x4de","0x2b","0x37","0x26","0x0","0x0","2","0x22","1","0","0","0","4","2","3","9","0","0","0","0","0","0","0","0","0","70","10","5","70","20","30","80","0x12","0x0","0x0","0x0","0x0","0x0","0x40","0x0","0x0","0x8662538"
"Yunno","0x817","0x4df","0x2c","0x2b","0x27","0x0","0x0","6","0x33","9","13","5","7","9","3","8","14","1","0","201","0","0","0","0","0","0","50","20","35","30","10","10","45","0x30","0x16","0x0","0x0","0x0","0x0","0x40","0x20","0x0","0x8662558"
"Yunno (NPC)","0x818","0x4df","0x2d","0x2b","0x27","0x0","0x0","6","0x0","9","13","5","7","9","3","8","14","1","1","251","0","0","0","0","0","0","50","20","35","30","10","10","45","0x30","0x16","0x0","0x0","0x0","0x0","0x40","0xa0","0x0","0x0"
"Thito","0x819","0x4e0","0x2e","0x2a","0x28","0x0","0x0","4","0x21","8","8","2","3","6","4","4","3","0","0","0","0","0","0","0","0","0","60","40","45","55","15","20","40","0x32","0x18","0x0","0x0","0x0","0x0","0x40","0x20","0x0","0x8662578"
"Thito (Enemy)","0x81a","0x4e0","0x2f","0x2a","0x28","0x0","0x0","4","0x0","8","6","3","5","7","2","4","3","0","0","101","0","0","0","0","0","0","60","40","45","55","15","20","40","0x32","0x18","0x0","0x0","0x0","0x0","0x40","0x20","0x0","0x0"
"Thito (NPC)","0x81b","0x4e0","0x30","0x2a","0x28","0x0","0x0","4","0x0","8","6","3","5","7","2","4","3","0","0","101","0","0","0","0","0","0","60","40","45","55","15","20","40","0x32","0x18","0x0","0x0","0x0","0x0","0x40","0xa0","0x0","0x0"
"Thany","0x81c","0x4e1","0x31","0x2a","0x29","0x0","0x0","3","0xc","1","3","0","1","7","3","3","5","-1","0","0","0","0","0","0","0","0","45","30","55","60","10","25","60","0x31","0x17","0x0","0x0","0x0","0x0","0x40","0x20","0x0","0x8662598"
"Zeiss","0x81d","0x4e2","0x32","0x2c","0x2a","0x0","0x0","2","0x30","7","8","7","6","3","4","2","6","0","0","0","0","0","0","0","0","0","80","60","50","35","25","5","20","0x0","0x5e","0x0","0x0","0x0","0x0","0x0","0x0","0x0","0x86625b8"
"Gale","0x81e","0x4e3","0x33","0x2e","0x36","0x0","0x0","4","0x38","10","24","13","10","6","12","13","11","1","201","201","0","0","0","0","0","0","40","20","20","15","30","5","30","0x0","0x5b","0x0","0x0","0x0","0x0","0x0","0x0","0x0","0x0"
"Elfin","0x81f","0x4e4","0x34","0x36","0x2b","0x0","0x0","6","0x23","1","1","0","1","3","3","1","11","0","0","0","0","0","0","0","0","0","80","5","5","65","25","55","65","0x11","0x0","0x0","0x0","0x0","0x0","0x0","0x0","0x0","0x86625d8"
"Cass","0x820","0x4e5","0x35","0x35","0x2c","0x0","0x0","7","0x27","5","0","2","6","4","1","0","8","0","0","0","0","0","0","0","0","0","80","40","45","85","15","20","50","0x46","0x0","0x0","0x0","0x0","0x0","0x40","0x0","0x0","0x86625f8"
"Sophia","0x821","0x4e6","0x36","0x1d","0x2d","0x0","0x0","5","0x2b","1","0","3","1","3","0","3","3","0","0","0","0","0","0","0","0","101","60","55","40","30","20","55","20","0x41","0x5f","0x0","0x0","0x0","0x0","0x40","0x0","0x0","0x8662618"
"Miledy","0x822","0x4e7","0x37","0x2d","0x2e","0x0","0x0","5","0x28","10","11","6","6","5","6","3","5","0","0","101","0","0","0","0","0","0","75","50","50","45","20","5","25","0x13","0x5c","0x0","0x0","0x0","0x0","0x40","0x0","0x0","0x8662638"
"Gonzales","0x823","0x4e8","0x38","0x31","0x2f","0x0","0x0","2","0x1f","11","16","7","4","4","3","0","5","3","0","0","101","0","0","0","0","0","90","60","15","50","25","5","35","0x9","0x5","0x0","0x0","0x0","0x0","0x0","0x0","0x0","0x8662658"
"Gonzales (NPC)","0x824","0x4e8","0x39","0x31","0x2f","0x0","0x0","2","0x0","7","16","7","4","4","3","0","5","3","0","0","0","0","0","0","0","0","90","60","15","50","25","5","35","0x9","0x5","0x0","0x0","0x0","0x0","0x0","0x80","0x0","0x0"
"Noah","0x825","0x4e9","0x3a","0x20","0x30","0x0","0x0","7","0x16","4","7","3","5","4","1","1","6","1","101","0","0","0","0","0","0","0","75","30","45","30","30","10","40","0x38","0x2c","0x0","0x0","0x0","0x0","0x0","0x0","0x0","0x8662678"
"Treck","0x826","0x4ea","0x3b","0x20","0x31","0x0","0x0","3","0x15","3","5","3","4","2","2","0","5","0","0","0","0","0","0","0","0","0","85","40","30","35","30","5","50","0x3a","0x2e","0x0","0x0","0x0","0x0","0x0","0x0","0x0","0x8662698"
"Zealot","0x827","0x4eb","0x3c","0x22","0x32","0x0","0x0","5","0x14","1","12","3","8","6","3","4","5","0","101","201","51","0","0","0","0","0","75","25","20","20","30","15","15","0x0","0x2f","0x0","0x0","0x0","0x0","0x0","0x0","0x0","0x86626b8"
"Echidna","0x828","0x4ec","0x3d","0x5","0x33","0x0","0x0","4","0x24","1","13","7","9","7","2","4","6","0","0","0","151","0","0","0","0","0","75","30","25","30","15","15","20","0x0","0xd","0x0","0x0","0x0","0x0","0x40","0x0","0x0","0x86626d8"
"Echidna (NPC)","0x829","0x4ec","0x3e","0x5","0x33","0x0","0x0","4","0x0","1","13","7","9","7","2","4","6","0","0","0","151","0","0","0","0","0","75","30","25","30","15","15","20","0x0","0xd","0x0","0x0","0x0","0x0","0x40","0x80","0x0","0x0"
"Cecilia","0x82a","0x4ed","0x3f","0x25","0x34","0x0","0x0","7","0x2a","1","11","7","4","5","3","5","10","0","0","0","0","0","0","201","0","0","60","35","45","25","20","25","25","0x0","0x4a","0x0","0x0","0x0","0x0","0x40","0x0","0x0","0x86626f8"
"Geese","0x82b","0x4ee","0x40","0x32","0x35","0x0","0x0","1","0x1e","10","14","6","7","3","5","0","9","1","0","0","151","0","0","0","0","0","85","50","30","40","20","10","40","0x33","0x4","0x0","0x0","0x0","0x0","0x0","0x0","0x0","0x8662718"
"Geese (NPC)","0x82c","0x4ee","0x41","0x32","0x35","0x0","0x0","1","0x0","12","14","6","7","3","5","0","9","1","0","0","151","0","0","0","0","0","85","50","30","40","20","10","40","0x33","0x4","0x0","0x0","0x0","0x0","0x0","0x80","0x0","0x0"
"Merlinus","0x82d","0x4ef","0x42","0x42","0x54","0x0","0x0","5","0x7","1","0","0","0","0","0","0","10","0","0","0","0","0","0","0","0","0","100","0","50","50","20","5","100","0x0","0x0","0x0","0x0","0x0","0x0","0x0","0x0","0x0","0x0"
"Eliwood","0x82e","0x4f0","0x43","0x22","0x56","0x0","0x0","7","0x3c","20","25","18","16","15","16","12","14","0","201","251","101","0","0","0","0","0","60","20","30","35","15","5","25","0x0","0x62","0x0","0x0","0x0","0x0","0x0","0x0","0x0","0x0"
"Guinevere","0x82f","0x4f1","0x44","0x1b","0x57","0x0","0x0","6","0x3e","20","10","20","18","18","10","20","24","0","0","0","0","0","201","151","251","0","60","20","30","35","15","5","25","0x0","0x4c","0x0","0x0","0x0","0x0","0x40","0x0","0x0","0x0"
"Bandit","0x830","0x521","0x45","0x31","0x0","0x0","0x6","0","0x0","1","0","0","0","0","0","0","0","0","0","0","0","0","0","0","0","0","60","20","30","35","15","5","25","0x0","0x0","0x0","0x0","0x0","0x0","0x0","0x0","0x0","0x0"
"Bandit","0x830","0x521","0x46","0x31","0x0","0x0","0x6","0","0x0","2","1","1","0","0","0","0","1","0","0","0","0","0","0","0","0","0","60","20","30","35","15","5","25","0x0","0x0","0x0","0x0","0x0","0x0","0x0","0x0","0x0","0x0"
"Bandit","0x830","0x521","0x47","0x31","0x0","0x0","0x6","0","0x0","3","2","2","0","1","0","0","1","0","0","0","0","0","0","0","0","0","60","20","30","35","15","5","25","0x0","0x0","0x0","0x0","0x0","0x0","0x0","0x0","0x0","0x0"
"Bandit","0x830","0x521","0x48","0x10","0x0","0x0","0x6","0","0x0","1","0","0","0","0","0","0","0","0","0","0","0","0","0","0","0","0","60","20","30","35","15","5","25","0x0","0x0","0x0","0x0","0x0","0x0","0x0","0x0","0x0","0x0"
"Bandit","0x830","0x521","0x49","0x10","0x0","0x0","0x6","0","0x0","3","2","2","1","1","0","0","1","0","0","0","0","0","0","0","0","0","60","20","30","35","15","5","25","0x0","0x0","0x0","0x0","0x0","0x0","0x0","0x0","0x0","0x0"
"Damas","0x831","0x4f2","0x4a","0x31","0x37","0x0","0x0","0","0x0","5","8","4","3","2","2","0","0","0","0","0","0","0","0","0","0","0","85","50","10","10","10","5","30","0x0","0x59","0x0","0x0","0x0","0x0","0x80","0x0","0x0","0x0"
"Rude","0x832","0x4f3","0x4b","0xc","0x38","0x0","0x0","0","0x0","5","7","5","0","2","1","0","0","0","0","0","0","0","0","0","0","0","85","50","10","10","10","5","30","0x0","0x57","0x0","0x0","0x0","0x0","0x80","0x0","0x0","0x0"
"Slater","0x833","0x4f4","0x4c","0xc","0x39","0x0","0x0","0","0x0","7","9","5","1","3","2","0","1","0","0","0","0","0","0","0","0","0","85","50","10","10","10","5","30","0x0","0x58","0x0","0x0","0x0","0x0","0x80","0x0","0x0","0x0"
"Erik","0x834","0x4f5","0x4d","0x20","0x3a","0x0","0x0","0","0x0","10","6","3","6","4","2","2","2","0","101","0","0","0","0","0","0","0","85","50","10","10","10","5","30","0x0","0x39","0x0","0x0","0x0","0x0","0x80","0x0","0x0","0x0"
"Dory","0x835","0x4f6","0x4e","0x31","0x3b","0x0","0x0","0","0x0","11","10","8","3","3","4","1","2","0","0","0","201","0","0","0","0","0","85","50","10","10","10","5","30","0x0","0x5a","0x0","0x0","0x0","0x0","0x80","0x0","0x0","0x0"
"Wagner","0x836","0x4f7","0x4f","0x1c","0xe3","0x0","0x0","0","0x0","8","8","4","5","8","2","4","3","0","0","0","0","0","0","0","0","101","85","50","10","10","10","5","30","0x0","0x0","0x0","0x0","0x0","0x0","0x80","0x0","0x0","0x0"
"Devias","0x837","0x4f8","0x50","0xc","0x3c","0x0","0x0","0","0x0","12","16","6","4","5","3","1","4","1","0","151","0","0","0","0","0","0","85","50","10","10","10","5","30","0x0","0x56","0x0","0x0","0x0","0x0","0x80","0x0","0x0","0x0"
"Legylance","0x838","0x4f9","0x51","0xe","0x44","0x0","0x0","0","0x0","1","15","4","1","6","1","2","8","1","0","201","201","0","0","0","0","0","85","50","10","10","10","5","30","0x0","0x4e","0x0","0x0","0x0","0x0","0x80","0x0","0x0","0x0"
"Scott","0x839","0x4fa","0x52","0x33","0x3e","0x0","0x0","0","0x0","3","18","5","3","5","5","2","5","2","0","0","201","0","0","0","0","0","85","50","10","10","10","5","30","0x0","0x0","0x0","0x0","0x0","0x0","0x80","0x0","0x0","0x0"
"Nord","0x83a","0x4fb","0x53","0x1e","0xe4","0x0","0x0","0","0x0","5","12","7","4","4","4","5","4","2","0","0","0","0","0","0","0","0","85","50","10","10","10","5","30","0x0","0x0","0x0","0x0","0x0","0x0","0x80","0x0","0x0","0x0"
"William","0x83b","0x4fc","0x54","0x22","0x4f","0x0","0x0","0","0x0","7","8","6","1","0","1","1","4","0","0","201","0","0","0","0","0","0","85","50","10","10","10","5","30","0x0","0x0","0x0","0x0","0x0","0x0","0x80","0x0","0x0","0x0"
"Flaer","0x83c","0x4fd","0x55","0x2e","0x3f","0x0","0x0","0","0x0","8","19","9","6","5","6","5","9","0","0","201","0","0","0","0","0","0","85","50","10","10","10","5","30","0x0","0x0","0x0","0x0","0x0","0x0","0x80","0x0","0x0","0x0"
"Oro","0x83d","0x4fe","0x56","0x16","0x40","0x0","0x0","0","0x0","10","13","11","7","6","6","9","10","1","0","0","0","0","201","0","201","0","85","50","10","10","10","5","30","0x0","0x0","0x0","0x0","0x0","0x0","0x80","0x0","0x0","0x0"
"Robarts","0x83e","0x4ff","0x57","0x22","0x4f","0x0","0x0","0","0x0","2","8","4","3","2","2","0","6","0","0","0","0","0","0","0","0","0","85","50","10","10","10","5","30","0x0","0x0","0x0","0x0","0x0","0x0","0x80","0x0","0x0","0x0"
"Aine","0x83f","0x500","0x58","0x38","0x41","0x0","0x0","0","0x0","8","12","7","1","1","2","4","7","0","0","0","0","0","0","0","0","0","85","50","10","10","10","5","30","0x0","0x0","0x0","0x0","0x0","0x0","0x80","0x0","0x0","0x0"
"Narshen","0x840","0x501","0x59","0x2e","0x42","0x0","0x0","0","0x37","10","21","7","8","9","10","11","13","0","201","201","0","0","0","0","0","0","85","50","10","10","10","5","30","0x0","0x5d","0x0","0x0","0x0","0x0","0x80","0x0","0x0","0x0"
"Randy","0x841","0x502","0x5a","0x4","0xc9","0x0","0x0","0","0x0","10","18","9","11","6","3","3","8","2","201","0","0","0","0","0","0","0","85","50","10","10","10","5","30","0x0","0x0","0x0","0x0","0x0","0x0","0x80","0x0","0x0","0x0"
"Rose","0x842","0x503","0x5b","0x33","0xd1","0x0","0x0","0","0x0","6","15","6","4","2","3","0","7","1","0","0","0","0","0","0","0","0","85","50","10","10","10","5","30","0x0","0x0","0x0","0x0","0x0","0x0","0x80","0x0","0x0","0x0"
"Maggie","0x843","0x504","0x5c","0x33","0xd2","0x0","0x0","0","0x0","5","14","7","5","3","2","1","4","1","0","0","0","0","0","0","0","0","85","50","10","10","10","5","30","0x0","0x0","0x0","0x0","0x0","0x0","0x80","0x0","0x0","0x0"
"Raeth","0x844","0x505","0x5d","0x2e","0x43","0x0","0x0","0","0x0","8","17","9","4","1","5","6","10","0","0","201","0","0","0","0","0","0","85","50","10","10","10","5","30","0x0","0x0","0x0","0x0","0x0","0x0","0x80","0x0","0x0","0x0"
"Arcard","0x845","0x506","0x5e","0x22","0x46","0x0","0x0","0","0x0","10","25","13","10","6","8","7","13","0","0","201","201","0","0","0","0","0","85","50","10","10","10","5","30","0x0","0x0","0x0","0x0","0x0","0x0","0x80","0x0","0x0","0x0"
"Martel","0x846","0x507","0x5f","0x16","0xd4","0x0","0x0","0","0x0","10","24","15","7","7","9","9","12","1","0","0","0","0","201","0","201","0","85","50","10","10","10","5","30","0x0","0x0","0x0","0x0","0x0","0x0","0x80","0x0","0x0","0x0"
"Sigune","0x847","0x508","0x60","0x2b","0x45","0x0","0x0","0","0x0","8","24","10","9","11","7","10","14","1","0","201","0","0","0","0","0","0","85","50","10","10","10","5","30","0x0","0x0","0x0","0x0","0x0","0x0","0xc0","0x0","0x0","0x0"
"Roartz","0x848","0x509","0x61","0xe","0x3d","0x0","0x0","0","0x0","10","29","13","9","9","7","8","13","1","0","201","201","0","0","0","0","0","85","50","10","10","10","5","30","0x0","0x54","0x0","0x0","0x0","0x0","0x80","0x0","0x0","0x0"
"Murdock","0x849","0x50a","0x62","0xe","0x47","0x0","0x0","0","0x3b","20","41","19","15","9","12","14","12","5","0","201","201","0","0","0","0","0","85","50","10","10","10","5","30","0x0","0x4d","0x0","0x0","0x0","0x0","0x80","0x0","0x0","0x0"
"Brunya","0x84a","0x50b","0x63","0x1b","0x48","0x0","0x0","0","0x3a","20","19","19","12","13","15","19","17","1","0","0","0","0","201","201","0","0","85","50","10","10","10","5","30","0x0","0x4b","0x0","0x0","0x0","0x0","0xc0","0x0","0x0","0x0"
"Zephiel","0x84b","0x50c","0x64","0x3d","0x49","0x0","0x0","0","0x3d","20","35","10","15","9","7","14","15","0","251","0","0","0","0","0","0","0","85","50","10","10","10","5","30","0x0","0x63","0x0","0x0","0x0","0x0","0x80","0x8","0x1","0x0"
"Idoun (no hood)","0x84c","0x50d","0x65","0x1d","0x4a","0x0","0x0","0","0x0","4","2","1","1","1","0","2","5","0","0","0","0","0","0","0","0","0","85","50","10","10","10","5","30","0x0","0x0","0x0","0x0","0x0","0x0","0x40","0x0","0x1","0x0"
"Idoun (dragon form)","0x84d","0x50e","0x66","0x3c","0xbe","0x0","0x0","0","0x0","20","38","4","3","11","2","0","18","0","0","0","0","0","0","0","0","0","85","50","10","10","10","5","30","0x0","0x0","0x0","0x0","0x0","0x0","0x40","0x0","0x1","0x0"
"Yahn","0x84e","0x50f","0x67","0x38","0x4c","0x0","0x0","0","0x0","20","60","15","10","10","14","15","14","2","0","0","0","0","0","0","0","0","85","50","10","10","10","5","30","0x0","0x0","0x0","0x0","0x0","0x0","0x80","0x0","0x0","0x0"
"Zinc","0x84f","0x510","0x68","0xe","0x4d","0x0","0x0","0","0x0","5","16","3","4","3","2","3","4","0","0","201","0","0","0","0","0","0","85","50","10","10","10","5","30","0x0","0x55","0x0","0x0","0x0","0x0","0x80","0x0","0x0","0x0"
"Monke","0x850","0x511","0x69","0x28","0xcd","0x0","0x0","0","0x0","10","21","8","10","13","7","10","12","0","151","0","0","151","0","0","0","0","85","50","10","10","10","5","30","0x0","0x0","0x0","0x0","0x0","0x0","0x80","0x0","0x0","0x0"
"Gel","0x851","0x512","0x6a","0x8","0x4e","0x0","0x0","0","0x0","10","21","11","12","13","6","12","11","0","151","0","0","0","0","0","0","0","85","50","10","10","10","5","30","0x0","0x0","0x0","0x0","0x0","0x0","0x80","0x0","0x0","0x0"
"Brigand","0x852","0x521","0x6b","0x31","0x0","0x0","0x6","0","0x0","1","0","0","0","0","0","0","0","0","0","0","0","0","0","0","0","0","60","20","30","35","15","5","25","0x0","0x0","0x0","0x0","0x0","0x0","0x0","0x0","0x0","0x0"
"Bern","0x853","0x522","0x6c","0xa","0x0","0x0","0x3","0","0x0","2","0","0","0","0","0","0","0","0","0","0","0","0","0","0","0","0","0","0","0","0","0","0","0","0x0","0x0","0x0","0x0","0x0","0x0","0x0","0x0","0x0","0x0"
"Bern","0x854","0x523","0x6d","0x30","0x0","0x0","0x3","0","0x0","3","0","0","0","0","0","0","0","0","0","51","0","0","0","0","0","0","0","0","0","0","0","0","0","0x0","0x0","0x0","0x0","0x0","0x0","0x0","0x0","0x0","0x0"
"Bern","0x855","0x524","0x6e","0x2","0x0","0x0","0x3","0","0x0","3","0","0","0","0","0","0","0","0","101","0","0","0","0","0","0","0","85","25","60","10","15","5","25","0x0","0x0","0x0","0x0","0x0","0x0","0x0","0x0","0x0","0x0"
"Bern","0x856","0x525","0x6f","0x10","0x0","0x0","0x3","0","0x0","1","0","0","0","0","0","0","0","0","0","0","0","0","0","0","0","0","0","0","0","0","0","0","0","0x0","0x0","0x0","0x0","0x0","0x0","0x0","0x0","0x0","0x0"
"Bern","0x857","0x526","0x70","0x10","0x0","0x0","0x3","0","0x0","1","0","0","0","0","0","0","0","0","0","51","0","0","0","0","0","0","0","0","0","0","0","0","0","0x0","0x0","0x0","0x0","0x0","0x0","0x0","0x0","0x0","0x0"
"Laus","0x858","0x527","0x71","0x10","0x0","0x0","0x1","0","0x0","3","0","0","0","0","0","0","0","0","0","0","0","0","0","0","0","0","60","20","30","35","15","5","25","0x0","0x0","0x0","0x0","0x0","0x0","0x0","0x0","0x0","0x0"
"Pirate","0x859","0x528","0x72","0x10","0x0","0x0","0x6","0","0x0","3","0","0","0","0","0","0","0","0","0","0","0","0","0","0","0","0","60","20","30","35","15","5","25","0x0","0x0","0x0","0x0","0x0","0x0","0x0","0x0","0x0","0x0"
"Bandit","0x85a","0x529","0x73","0x10","0x0","0x0","0x6","0","0x0","3","0","0","0","0","0","0","0","0","0","0","0","0","0","0","0","0","60","20","30","35","15","5","25","0x0","0x0","0x0","0x0","0x0","0x0","0x0","0x0","0x0","0x0"
"Thria","0x85b","0x52a","0x74","0x10","0x0","0x0","0x1","0","0x0","3","0","0","0","0","0","0","0","0","0","0","0","0","0","0","0","0","60","20","30","35","15","5","25","0x0","0x0","0x0","0x0","0x0","0x0","0x0","0x0","0x0","0x0"
"Rebel","0x85c","0x52b","0x75","0x10","0x0","0x0","0x1","0","0x0","3","0","0","0","0","0","0","0","0","0","0","0","0","0","0","0","0","60","20","30","35","15","5","25","0x0","0x0","0x0","0x0","0x0","0x0","0x0","0x0","0x0","0x0"
"Bern","0x85d","0x52c","0x76","0x2c","0x0","0x0","0x3","0","0x0","1","2","0","2","1","1","0","2","0","0","0","0","0","0","0","0","0","60","20","30","35","15","5","25","0x0","0x0","0x0","0x0","0x0","0x0","0x0","0x0","0x0","0x0"
"Rebel","0x85e","0x52d","0x77","0x20","0x0","0x0","0x1","0","0x0","3","0","0","0","0","0","0","0","0","0","0","0","0","0","0","0","0","60","20","30","35","15","5","25","0x0","0x0","0x0","0x0","0x0","0x0","0x0","0x0","0x0","0x0"
"Officials","0x85f","0x52e","0x78","0x3e","0x0","0x0","0x1","0","0x0","3","0","0","0","0","0","0","0","0","0","0","0","0","0","0","0","0","60","20","30","35","15","5","25","0x0","0x0","0x0","0x0","0x0","0x0","0x0","0x0","0x0","0x0"
"Thief","0x860","0x545","0x79","0x34","0x0","0x0","0x6","0","0x0","3","0","0","0","0","0","0","0","0","0","0","0","0","0","0","0","0","60","20","30","35","15","5","25","0x0","0x0","0x0","0x0","0x0","0x0","0x0","0x0","0x0","0x0"
"Seihou","0x861","0x52f","0x7a","0x34","0x0","0x0","0x6","0","0x0","3","0","0","0","0","0","0","0","0","0","0","0","0","0","0","0","0","60","20","30","35","15","5","25","0x0","0x0","0x0","0x0","0x0","0x0","0x0","0x0","0x0","0x0"
"Pirate","0x862","0x530","0x7b","0x32","0x0","0x0","0x6","0","0x0","3","0","0","0","0","0","0","0","0","0","0","0","0","0","0","0","0","60","20","30","35","15","5","25","0x0","0x0","0x0","0x0","0x0","0x0","0x0","0x0","0x0","0x0"
"Almar","0x863","0x531","0x7c","0x34","0x0","0x0","0x6","0","0x0","3","0","0","0","0","0","0","0","0","0","0","0","0","0","0","0","0","60","20","30","35","15","5","25","0x0","0x0","0x0","0x0","0x0","0x0","0x0","0x0","0x0","0x0"
"Robber","0x864","0x532","0x7d","0x32","0x0","0x0","0x6","0","0x0","3","0","0","0","0","0","0","0","0","0","0","0","0","0","0","0","0","60","20","30","35","15","5","25","0x0","0x0","0x0","0x0","0x0","0x0","0x0","0x0","0x0","0x0"
"Registrans","0x865","0x533","0x7e","0xa","0x0","0x0","0x6","0","0x0","3","0","0","0","0","0","0","0","0","0","0","0","0","0","0","0","0","60","20","30","35","15","5","25","0x0","0x0","0x0","0x0","0x0","0x0","0x0","0x0","0x0","0x0"
"Eturia","0x866","0x534","0x7f","0x34","0x0","0x0","0x6","0","0x0","3","0","0","0","0","0","0","0","0","0","0","0","0","0","0","0","0","60","20","30","35","15","5","25","0x0","0x0","0x0","0x0","0x0","0x0","0x0","0x0","0x0","0x0"
"Bandit","0x867","0x535","0x80","0x31","0x0","0x0","0x6","0","0x0","3","0","0","0","0","0","0","0","0","0","0","0","0","0","0","0","0","60","20","30","35","15","5","25","0x0","0x0","0x0","0x0","0x0","0x0","0x0","0x0","0x0","0x0"
"Bandit","0x868","0x536","0x81","0x34","0x0","0x0","0x6","0","0x0","3","0","0","0","0","0","0","0","0","0","0","0","0","0","0","0","0","60","20","30","35","15","5","25","0x0","0x0","0x0","0x0","0x0","0x0","0x0","0x0","0x0","0x0"
"Bandit","0x869","0x537","0x82","0x31","0x0","0x0","0x6","0","0x0","3","0","0","0","0","0","0","0","0","0","0","0","0","0","0","0","0","60","20","30","35","15","5","25","0x0","0x0","0x0","0x0","0x0","0x0","0x0","0x0","0x0","0x0"
"Bern","0x86a","0x538","0x83","0x10","0x0","0x0","0x3","0","0x0","1","0","0","0","0","0","0","0","0","0","0","0","0","0","0","0","0","60","20","30","35","15","5","25","0x0","0x0","0x0","0x0","0x0","0x0","0x0","0x0","0x0","0x0"
"Eturian","0x86b","0x539","0x84","0x34","0x0","0x0","0x6","0","0x0","3","0","0","0","0","0","0","0","0","0","0","0","0","0","0","0","0","60","20","30","35","15","5","25","0x0","0x0","0x0","0x0","0x0","0x0","0x0","0x0","0x0","0x0"
"Isle","0x86c","0x53a","0x85","0x34","0x0","0x0","0x6","0","0x0","3","0","0","0","0","0","0","0","0","0","0","0","0","0","0","0","0","60","20","30","35","15","5","25","0x0","0x0","0x0","0x0","0x0","0x0","0x0","0x0","0x0","0x0"
"Bern","0x86d","0x53b","0x86","0x34","0x0","0x0","0x3","0","0x0","3","0","0","0","0","0","0","0","0","0","0","0","0","0","0","0","0","60","20","30","35","15","5","25","0x0","0x0","0x0","0x0","0x0","0x0","0x0","0x0","0x0","0x0"
"Eturia","0x86e","0x53c","0x87","0x34","0x0","0x0","0x2","0","0x0","3","0","0","0","0","0","0","0","0","0","0","0","0","0","0","0","0","60","20","30","35","15","5","25","0x0","0x0","0x0","0x0","0x0","0x0","0x0","0x0","0x0","0x0"
"Bern","0x86f","0x53d","0x88","0x34","0x0","0x0","0x3","0","0x0","3","0","0","0","0","0","0","0","0","0","0","0","0","0","0","0","0","60","20","30","35","15","5","25","0x0","0x0","0x0","0x0","0x0","0x0","0x0","0x0","0x0","0x0"
"Bandit","0x870","0x53e","0x89","0x34","0x0","0x0","0x6","0","0x0","3","0","0","0","0","0","0","0","0","0","0","0","0","0","0","0","0","60","20","30","35","15","5","25","0x0","0x0","0x0","0x0","0x0","0x0","0x0","0x0","0x0","0x0"
"Eturia","0x871","0x53f","0x8a","0x34","0x0","0x0","0x2","0","0x0","3","0","0","0","0","0","0","0","0","0","0","0","0","0","0","0","0","60","20","30","35","15","5","25","0x0","0x0","0x0","0x0","0x0","0x0","0x0","0x0","0x0","0x0"
"Bern","0x872","0x540","0x8b","0x34","0x0","0x0","0x3","0","0x0","3","0","0","0","0","0","0","0","0","0","0","0","0","0","0","0","0","60","20","30","35","15","5","25","0x0","0x0","0x0","0x0","0x0","0x0","0x0","0x0","0x0","0x0"
"Ilia","0x873","0x541","0x8c","0x2a","0x0","0x0","0x4","0","0x0","3","0","0","0","0","0","0","0","0","0","0","0","0","0","0","0","0","60","20","30","35","15","5","25","0x0","0x0","0x0","0x0","0x0","0x0","0x40","0x0","0x0","0x0"
"Bandit","0x874","0x542","0x8d","0x34","0x0","0x0","0x6","0","0x0","3","0","0","0","0","0","0","0","0","0","0","0","0","0","0","0","0","60","20","30","35","15","5","25","0x0","0x0","0x0","0x0","0x0","0x0","0x0","0x0","0x0","0x0"
"Bern","0x875","0x543","0x8e","0x34","0x0","0x0","0x3","0","0x0","3","0","0","0","0","0","0","0","0","0","0","0","0","0","0","0","0","60","20","30","35","15","5","25","0x0","0x0","0x0","0x0","0x0","0x0","0x0","0x0","0x0","0x0"
"Eturia","0x876","0x544","0x8f","0x34","0x0","0x0","0x2","0","0x0","3","0","0","0","0","0","0","0","0","0","0","0","0","0","0","0","0","60","20","30","35","15","5","25","0x0","0x0","0x0","0x0","0x0","0x0","0x0","0x0","0x0","0x0"
"Thief","0x877","0x545","0x90","0x34","0x0","0x0","0x6","0","0x0","3","0","0","0","0","0","0","0","0","0","0","0","0","0","0","0","0","60","20","30","35","15","5","25","0x0","0x0","0x0","0x0","0x0","0x0","0x0","0x0","0x0","0x0"
"Bern","0x878","0x546","0x91","0x34","0x0","0x0","0x2","0","0x0","3","0","0","0","0","0","0","0","0","0","0","0","0","0","0","0","0","60","20","30","35","15","5","25","0x0","0x0","0x0","0x0","0x0","0x0","0x0","0x0","0x0","0x0"
"Bern","0x879","0x547","0x92","0x34","0x0","0x0","0x3","0","0x0","3","0","0","0","0","0","0","0","0","0","0","0","0","0","0","0","0","60","20","30","35","15","5","25","0x0","0x0","0x0","0x0","0x0","0x0","0x0","0x0","0x0","0x0"
"Pirate","0x87a","0x548","0x93","0x10","0x0","0x0","0x6","0","0x0","3","0","0","0","0","0","0","0","0","0","0","0","0","0","0","0","0","60","20","30","35","15","5","25","0x0","0x0","0x0","0x0","0x0","0x0","0x0","0x0","0x0","0x0"
"Pirate","0x87a","0x548","0x94","0x10","0x0","0x0","0x6","0","0x0","3","0","0","0","0","0","0","0","0","0","0","0","0","0","0","0","0","60","20","30","35","15","5","25","0x0","0x0","0x0","0x0","0x0","0x0","0x0","0x0","0x0","0x0"
"Ilia","0x87b","0x549","0x95","0x2a","0x0","0x0","0x4","0","0x0","3","0","0","0","0","0","0","0","0","0","0","0","0","0","0","0","0","60","20","30","35","15","5","25","0x0","0x0","0x0","0x0","0x0","0x0","0x40","0x0","0x0","0x0"
"Bern","0x87c","0x54a","0x96","0x34","0x0","0x0","0x3","0","0x0","3","0","0","0","0","0","0","0","0","0","0","0","0","0","0","0","0","60","20","30","35","15","5","25","0x0","0x0","0x0","0x0","0x0","0x0","0x0","0x0","0x0","0x0"
"Ilia","0x87d","0x54b","0x97","0x34","0x0","0x0","0x4","0","0x0","3","0","0","0","0","0","0","0","0","0","0","0","0","0","0","0","0","60","20","30","35","15","5","25","0x0","0x0","0x0","0x0","0x0","0x0","0x0","0x0","0x0","0x0"
"Brigand","0x87e","0x54c","0x98","0x34","0x0","0x0","0x6","0","0x0","3","0","0","0","0","0","0","0","0","0","0","0","0","0","0","0","0","60","20","30","35","15","5","25","0x0","0x0","0x0","0x0","0x0","0x0","0x0","0x0","0x0","0x0"
"Ilia","0x87f","0x54d","0x99","0x2a","0x0","0x0","0x4","0","0x0","3","0","0","0","0","0","0","0","0","0","0","0","0","0","0","0","0","60","20","30","35","15","5","25","0x0","0x0","0x0","0x0","0x0","0x0","0x40","0x0","0x0","0x0"
"Fighter","0x880","0x54e","0x9a","0x34","0x0","0x0","0x4","0","0x0","3","0","0","0","0","0","0","0","0","0","0","0","0","0","0","0","0","60","20","30","35","15","5","25","0x0","0x0","0x0","0x0","0x0","0x0","0x0","0x0","0x0","0x0"
"Bandit","0x881","0x54f","0x9b","0x34","0x0","0x0","0x6","0","0x0","3","0","0","0","0","0","0","0","0","0","0","0","0","0","0","0","0","60","20","30","35","15","5","25","0x0","0x0","0x0","0x0","0x0","0x0","0x0","0x0","0x0","0x0"
"Ilia","0x882","0x550","0x9c","0x34","0x0","0x0","0x4","0","0x0","3","0","0","0","0","0","0","0","0","0","0","0","0","0","0","0","0","60","20","30","35","15","5","25","0x0","0x0","0x0","0x0","0x0","0x0","0x0","0x0","0x0","0x0"
"Citizen","0x883","0x551","0x9d","0x3e","0x0","0x0","0x4","0","0x0","3","0","0","0","0","0","0","0","0","0","0","0","0","0","0","0","0","60","20","30","35","15","5","25","0x0","0x0","0x0","0x0","0x0","0x0","0x0","0x0","0x0","0x0"
"Thief","0x884","0x552","0x9e","0x34","0x0","0x0","0x6","0","0x0","3","0","0","0","0","0","0","0","0","0","0","0","0","0","0","0","0","60","20","30","35","15","5","25","0x0","0x0","0x0","0x0","0x0","0x0","0x0","0x0","0x0","0x0"
"Bern","0x885","0x553","0x9f","0x34","0x0","0x0","0x3","0","0x0","3","0","0","0","0","0","0","0","0","0","0","0","0","0","0","0","0","60","20","30","35","15","5","25","0x0","0x0","0x0","0x0","0x0","0x0","0x0","0x0","0x0","0x0"
"Bern","0x886","0x554","0xa0","0x34","0x0","0x0","0x3","0","0x0","3","0","0","0","0","0","0","0","0","0","0","0","0","0","0","0","0","60","20","30","35","15","5","25","0x0","0x0","0x0","0x0","0x0","0x0","0x0","0x0","0x0","0x0"
"Bern","0x887","0x555","0xa1","0x34","0x0","0x0","0x3","0","0x0","3","0","0","0","0","0","0","0","0","0","0","0","0","0","0","0","0","60","20","30","35","15","5","25","0x0","0x0","0x0","0x0","0x0","0x0","0x0","0x0","0x0","0x0"
"Thief","0x888","0x556","0xa2","0x34","0x0","0x0","0x6","0","0x0","3","0","0","0","0","0","0","0","0","0","0","0","0","0","0","0","0","60","20","30","35","15","5","25","0x0","0x0","0x0","0x0","0x0","0x0","0x0","0x0","0x0","0x0"
"Bandit","0x889","0x557","0xa3","0x34","0x0","0x0","0x6","0","0x0","3","0","0","0","0","0","0","0","0","0","0","0","0","0","0","0","0","60","20","30","35","15","5","25","0x0","0x0","0x0","0x0","0x0","0x0","0x0","0x0","0x0","0x0"
"Citizen","0x88a","0x558","0xa4","0x34","0x0","0x0","0x6","0","0x0","3","0","0","0","0","0","0","0","0","0","0","0","0","0","0","0","0","60","20","30","35","15","5","25","0x0","0x0","0x0","0x0","0x0","0x0","0x0","0x0","0x0","0x0"
"Fighter","0x88b","0x559","0xa5","0x34","0x0","0x0","0x6","0","0x0","3","0","0","0","0","0","0","0","0","0","0","0","0","0","0","0","0","60","20","30","35","15","5","25","0x0","0x0","0x0","0x0","0x0","0x0","0x0","0x0","0x0","0x0"
"Eturia","0x88c","0x55a","0xa6","0x34","0x0","0x0","0x2","0","0x0","3","0","0","0","0","0","0","0","0","0","0","0","0","0","0","0","0","60","20","30","35","15","5","25","0x0","0x0","0x0","0x0","0x0","0x0","0x0","0x0","0x0","0x0"
"Sacae","0x88d","0x55b","0xa7","0x34","0x0","0x0","0x5","0","0x0","3","0","0","0","0","0","0","0","0","0","0","0","0","0","0","0","0","60","20","30","35","15","5","25","0x0","0x0","0x0","0x0","0x0","0x0","0x0","0x0","0x0","0x0"
"Bern","0x88e","0x55c","0xa8","0x34","0x0","0x0","0x3","0","0x0","3","0","0","0","0","0","0","0","0","0","0","0","0","0","0","0","0","60","20","30","35","15","5","25","0x0","0x0","0x0","0x0","0x0","0x0","0x0","0x0","0x0","0x0"
"Djute","0x88f","0x55d","0xa9","0x34","0x0","0x0","0x5","0","0x0","3","0","0","0","0","0","0","0","0","0","0","0","0","0","0","0","0","60","20","30","35","15","5","25","0x0","0x0","0x0","0x0","0x0","0x0","0x0","0x0","0x0","0x0"
"Sacae","0x890","0x55e","0xaa","0x34","0x0","0x0","0x3","0","0x0","3","0","0","0","0","0","0","0","0","0","0","0","0","0","0","0","0","60","20","30","35","15","5","25","0x0","0x0","0x0","0x0","0x0","0x0","0x0","0x0","0x0","0x0"
"Sacae","0x891","0x55f","0xab","0x34","0x0","0x0","0x5","0","0x0","3","0","0","0","0","0","0","0","0","0","0","0","0","0","0","0","0","60","20","30","35","15","5","25","0x0","0x0","0x0","0x0","0x0","0x0","0x0","0x0","0x0","0x0"
"Bern","0x892","0x560","0xac","0x34","0x0","0x0","0x3","0","0x0","3","0","0","0","0","0","0","0","0","0","0","0","0","0","0","0","0","60","20","30","35","15","5","25","0x0","0x0","0x0","0x0","0x0","0x0","0x0","0x0","0x0","0x0"
"Eturia","0x893","0x561","0xad","0x34","0x0","0x0","0x2","0","0x0","3","0","0","0","0","0","0","0","0","0","0","0","0","0","0","0","0","60","20","30","35","15","5","25","0x0","0x0","0x0","0x0","0x0","0x0","0x0","0x0","0x0","0x0"
"Sacae","0x894","0x562","0xae","0x34","0x0","0x0","0x3","0","0x0","3","0","0","0","0","0","0","0","0","0","0","0","0","0","0","0","0","60","20","30","35","15","5","25","0x0","0x0","0x0","0x0","0x0","0x0","0x0","0x0","0x0","0x0"
"Bern","0x895","0x563","0xaf","0x34","0x0","0x0","0x6","0","0x0","3","0","0","0","0","0","0","0","0","0","0","0","0","0","0","0","0","60","20","30","35","15","5","25","0x0","0x0","0x0","0x0","0x0","0x0","0x0","0x0","0x0","0x0"
"Mamkute","0x896","0x564","0xb0","0x34","0x0","0x0","0x3","0","0x0","3","5","0","0","0","2","2","0","0","0","0","0","0","0","0","0","0","60","20","30","35","15","5","25","0x0","0x0","0x0","0x0","0x0","0x0","0x0","0x0","0x0","0x0"
"Bern","0x897","0x565","0xb1","0x34","0x0","0x0","0x3","0","0x0","3","0","0","0","0","0","0","0","0","0","0","0","0","0","0","0","0","60","20","30","35","15","5","25","0x0","0x0","0x0","0x0","0x0","0x0","0x0","0x0","0x0","0x0"
"WarDragon","0x898","0x566","0xb2","0x34","0x0","0x0","0x3","0","0x0","3","10","0","0","0","4","4","0","0","0","0","0","0","0","0","0","0","60","20","30","35","15","5","25","0x0","0x0","0x0","0x0","0x0","0x0","0x0","0x0","0x0","0x0"
"Bandit","0x899","0x567","0xb3","0x34","0x0","0x0","0x1","0","0x0","3","0","0","0","0","0","0","0","0","0","0","0","0","0","0","0","0","60","20","30","35","15","5","25","0x0","0x0","0x0","0x0","0x0","0x0","0x0","0x0","0x0","0x0"
"Bandit","0x899","0x567","0xb4","0x34","0x0","0x0","0x1","0","0x0","3","0","0","0","0","0","0","0","0","0","0","0","0","0","0","0","0","60","20","30","35","15","5","25","0x0","0x0","0x0","0x0","0x0","0x0","0x0","0x0","0x0","0x0"
"Henning","0x89a","0x513","0xb5","0x4","0xcb","0x0","0x0","0","0x0","3","11","4","10","6","3","0","5","0","251","0","201","0","0","0","0","0","85","50","10","10","10","5","30","0x0","0x0","0x0","0x0","0x0","0x0","0x80","0x0","0x0","0x0"
"Scollan","0x89b","0x514","0xb6","0x31","0x51","0x0","0x0","0","0x0","2","8","4","3","2","2","0","2","0","0","0","0","0","0","0","0","0","85","50","10","10","10","5","30","0x0","0x0","0x0","0x0","0x0","0x0","0x80","0x0","0x0","0x0"
"Bandit","0x8a6","0x529","0xb7","0x34","0x0","0x0","0x1","0","0x0","3","0","0","0","0","0","0","0","0","0","0","0","0","0","0","0","0","60","20","30","35","15","5","25","0x0","0x0","0x0","0x0","0x0","0x0","0x0","0x0","0x0","0x0"
"Grero","0x89c","0x515","0xb8","0x33","0xd3","0x0","0x0","0","0x0","2","21","9","4","7","5","3","6","0","0","0","251","0","0","0","0","0","85","50","10","10","10","5","30","0x0","0x0","0x0","0x0","0x0","0x0","0x80","0x0","0x0","0x0"
"Ohtz","0x89d","0x516","0xb9","0x1a","0xc6","0x0","0x0","0","0x0","10","15","12","12","11","5","9","7","0","0","0","0","0","201","251","0","0","85","50","10","10","10","5","30","0x0","0x0","0x0","0x0","0x0","0x0","0x80","0x0","0x0","0x0"
"Teck","0x89e","0x517","0xba","0xe","0xe0","0x0","0x0","0","0x0","2","26","12","10","9","4","12","10","0","201","251","201","0","0","0","0","0","85","50","10","10","10","5","30","0x0","0x0","0x0","0x0","0x0","0x0","0x80","0x0","0x0","0x0"
"Bern","0x8a7","0x565","0xbb","0x34","0x0","0x0","0x3","0","0x0","3","0","0","0","0","0","0","0","0","0","0","0","0","0","0","0","0","60","20","30","35","15","5","25","0x0","0x0","0x0","0x0","0x0","0x0","0x0","0x0","0x0","0x0"
"Bern","0x8a8","0x562","0xbc","0x34","0x0","0x0","0x3","0","0x0","3","0","0","0","0","0","0","0","0","0","0","0","0","0","0","0","0","60","20","30","35","15","5","25","0x0","0x0","0x0","0x0","0x0","0x0","0x0","0x0","0x0","0x0"
"Bern","0x8a9","0x565","0xbd","0x34","0x0","0x0","0x3","0","0x0","3","0","0","0","0","0","0","0","0","0","0","0","0","0","0","0","0","60","20","30","35","15","5","25","0x0","0x0","0x0","0x0","0x0","0x0","0x0","0x0","0x0","0x0"
"Thoril","0x89f","0x518","0xbe","0x28","0xce","0x0","0x0","0","0x0","2","23","6","11","14","6","7","14","0","201","0","0","201","0","0","0","0","85","50","10","10","10","5","30","0x0","0x0","0x0","0x0","0x0","0x0","0x80","0x0","0x0","0x0"
"Brakul","0x8a0","0x519","0xbf","0x1e","0xce","0x0","0x0","0","0x0","2","23","6","11","14","6","7","14","0","0","0","0","0","201","0","0","201","85","50","10","10","10","5","30","0x0","0x0","0x0","0x0","0x0","0x0","0x80","0x0","0x0","0x0"
"Kudoka","0x8a1","0x51a","0xc0","0x28","0xce","0x0","0x0","0","0x0","2","23","6","11","14","6","7","14","0","201","0","0","201","0","0","0","0","85","50","10","10","10","5","30","0x0","0x0","0x0","0x0","0x0","0x0","0x80","0x0","0x0","0x0"
"Marral","0x8a2","0x51b","0xc1","0x1e","0xce","0x0","0x0","0","0x0","2","23","6","11","14","6","7","14","0","0","0","0","0","201","0","0","201","85","50","10","10","10","5","30","0x0","0x0","0x0","0x0","0x0","0x0","0x80","0x0","0x0","0x0"
"Kabul","0x8a3","0x51c","0xc2","0x28","0xce","0x0","0x0","0","0x0","2","23","6","11","14","6","7","14","0","201","0","0","201","0","0","0","0","85","50","10","10","10","5","30","0x0","0x0","0x0","0x0","0x0","0x0","0x80","0x0","0x0","0x0"
"Chan","0x8a4","0x51c","0xc3","0x1e","0xce","0x0","0x0","0","0x0","2","23","6","11","14","6","7","14","0","0","0","0","0","201","0","0","201","85","50","10","10","10","5","30","0x0","0x0","0x0","0x0","0x0","0x0","0x80","0x0","0x0","0x0"
"Pereth","0x8a5","0x51d","0xc4","0x1e","0xc7","0x0","0x0","0","0x0","2","17","14","11","7","11","14","13","0","0","0","0","0","201","0","0","251","85","50","10","10","10","5","30","0x0","0x0","0x0","0x0","0x0","0x0","0x80","0x0","0x0","0x0"
"Bern","0x8aa","0x565","0xc5","0x34","0x0","0x0","0x3","0","0x0","3","0","0","0","0","0","0","0","0","0","0","0","0","0","0","0","0","60","20","30","35","15","5","25","0x0","0x0","0x0","0x0","0x0","0x0","0x0","0x0","0x0","0x0"
"Windam","0x8ab","0x51e","0xc6","0x16","0xd5","0x0","0x0","0","0x0","12","20","16","8","8","10","0","15","2","0","0","0","0","201","0","251","0","85","50","10","10","10","5","30","0x0","0x0","0x0","0x0","0x0","0x0","0x80","0x0","0x0","0x0"
"Eturia","0x893","0x544","0xc7","0x34","0x0","0x0","0x2","0","0x0","3","0","0","0","0","0","0","0","0","0","0","0","0","0","0","0","0","60","20","30","35","15","5","25","0x0","0x0","0x0","0x0","0x0","0x0","0x0","0x0","0x0","0x0"
"Morgan","0x8ae","0x51f","0xc8","0xe","0xdd","0x0","0x0","0","0x0","5","17","7","6","8","4","7","10","-1","0","201","201","0","0","0","0","0","85","50","10","10","10","5","30","0x0","0x0","0x0","0x0","0x0","0x0","0x80","0x0","0x0","0x0"
"Rebel","0x85c","0x52b","0xc9","0x22","0x0","0x0","0x1","0","0x0","3","0","0","0","0","0","0","0","0","0","0","0","0","0","0","0","0","60","20","30","35","15","5","25","0x0","0x0","0x0","0x0","0x0","0x0","0x0","0x0","0x0","0x0"
"Bern","0x885","0x553","0xca","0x2e","0x0","0x0","0x3","0","0x0","3","0","0","0","0","0","0","0","0","0","0","0","0","0","0","0","0","60","20","30","35","15","5","25","0x0","0x0","0x0","0x0","0x0","0x0","0x0","0x0","0x0","0x0"
"Bern","0x885","0x553","0xcb","0x2e","0x0","0x0","0x3","0","0x0","3","0","0","0","0","0","0","0","0","0","0","0","0","0","0","0","0","60","20","30","35","15","5","25","0x0","0x0","0x0","0x0","0x0","0x0","0x0","0x0","0x0","0x0"
"Bern","0x885","0x553","0xcc","0x2e","0x0","0x0","0x3","0","0x0","3","0","0","0","0","0","0","0","0","0","0","0","0","0","0","0","0","60","20","30","35","15","5","25","0x0","0x0","0x0","0x0","0x0","0x0","0x0","0x0","0x0","0x0"
"Citizen","0x88a","0x558","0xcd","0x34","0x62","0x0","0x6","0","0x0","3","0","0","0","0","0","0","0","0","0","0","0","0","0","0","0","0","60","20","30","35","15","5","25","0x0","0x0","0x0","0x0","0x0","0x0","0x0","0x0","0x0","0x0"
"Citizen","0x883","0x551","0xce","0x3e","0x5c","0x0","0x4","0","0x0","3","0","0","0","0","0","0","0","0","0","0","0","0","0","0","0","0","60","20","30","35","15","5","25","0x0","0x0","0x0","0x0","0x0","0x0","0x0","0x0","0x0","0x0"
"Hector","0x8af","0x520","0xcf","0xe","0x58","0x0","0x0","2","0x39","16","22","10","16","7","18","12","15","5","0","201","201","0","0","0","0","0","85","50","10","10","10","5","30","0x0","0x53","0x0","0x0","0x0","0x0","0x0","0x0","0x0","0x0"
"Bors","0x8b0","0x4c0","0xd0","0xc","0x9","0x0","0x0","0","0x0","1","3","2","2","2","2","0","0","1","0","101","0","0","0","0","0","0","80","30","30","40","25","10","50","0x6","0x0","0x0","0x0","0x0","0x0","0x80","0x0","0x0","0x0"
"Commander","0x8b1","0x568","0xd1","0x30","0x0","0x0","0x1","0","0x0","3","-2","0","0","1","0","0","0","0","0","51","0","0","0","0","0","0","0","0","0","0","0","0","0","0x0","0x0","0x0","0x0","0x0","0x0","0x0","0x0","0x0","0x0"
"Commander","0x8b2","0x568","0xd2","0x10","0x0","0x0","0x1","0","0x0","1","-2","0","0","0","0","0","0","0","0","0","0","0","0","0","0","0","60","20","30","35","15","5","25","0x0","0x0","0x0","0x0","0x0","0x0","0x0","0x0","0x0","0x0"
"Percival's Unit","0x7a8","0x53f","0xd3","0x34","0x0","0x0","0x2","0","0x0","3","0","0","0","0","0","0","0","0","0","0","0","0","0","0","0","0","60","20","30","35","15","5","25","0x0","0x0","0x0","0x0","0x0","0x0","0x0","0x0","0x0","0x0"
"Bandit","0x889","0x557","0xd4","0x34","0x0","0x0","0x6","0","0x0","3","0","0","0","0","0","0","0","0","0","0","0","0","0","0","0","0","60","20","30","35","15","5","25","0x0","0x0","0x0","0x0","0x0","0x0","0x0","0x0","0x0","0x0"
"Percival's Unit","0x7a8","0x53f","0xd5","0x34","0x0","0x0","0x2","0","0x0","3","0","0","0","0","0","0","0","0","0","0","0","0","0","0","0","0","60","20","30","35","15","5","25","0x0","0x0","0x0","0x0","0x0","0x0","0x0","0x0","0x0","0x0"
"Percival's Unit","0x7a8","0x53f","0xd6","0x34","0x0","0x0","0x2","0","0x0","3","0","0","0","0","0","0","0","0","0","0","0","0","0","0","0","0","60","20","30","35","15","5","25","0x0","0x0","0x0","0x0","0x0","0x0","0x0","0x0","0x0","0x0"
"Percival's Unit","0x7a8","0x53f","0xd7","0x34","0x0","0x0","0x2","0","0x0","3","0","0","0","0","0","0","0","0","0","0","0","0","0","0","0","0","60","20","30","35","15","5","25","0x0","0x0","0x0","0x0","0x0","0x0","0x0","0x0","0x0","0x0"
"Klein's Unit","0x8b3","0x53c","0xd8","0x34","0x0","0x0","0x2","0","0x0","3","0","0","0","0","0","0","0","0","0","0","0","0","0","0","0","0","60","20","30","35","15","5","25","0x0","0x0","0x0","0x0","0x0","0x0","0x0","0x0","0x0","0x0"
"Tate's Unit","0x8b4","0x541","0xd9","0x2a","0x0","0x0","0x4","0","0x0","3","0","0","0","0","0","0","0","0","0","0","0","0","0","0","0","0","60","20","30","35","15","5","25","0x0","0x0","0x0","0x0","0x0","0x0","0x40","0x0","0x0","0x0"
"Bandit","0x8b5","0x6ef","0xda","0x33","0x0","0x0","0x6","0","0x0","3","0","0","0","0","0","0","0","0","0","0","0","0","0","0","0","0","60","20","30","35","15","5","25","0x0","0x0","0x0","0x0","0x0","0x0","0x80","0x0","0x0","0x0"
"Duelist","0x8b5","0x6ef","0xdb","0x33","0x0","0x0","0x1","0","0x0","3","0","0","0","0","0","0","0","0","0","0","0","0","0","0","0","0","60","20","30","35","15","5","25","0x0","0x0","0x0","0x0","0x0","0x0","0x80","0x0","0x0","0x0"
"0xdc","0x8b5","0x6ef","0xdc","0x33","0x0","0x0","0x2","0","0x0","3","0","0","0","0","0","0","0","0","0","0","0","0","0","0","0","0","60","20","30","35","15","5","25","0x0","0x0","0x0","0x0","0x0","0x0","0x80","0x0","0x0","0x0"
"0xdd","0x8b5","0x6ef","0xdd","0x33","0x0","0x0","0x5","0","0x0","3","0","0","0","0","0","0","0","0","0","0","0","0","0","0","0","0","60","20","30","35","15","5","25","0x0","0x0","0x0","0x0","0x0","0x0","0x80","0x0","0x0","0x0"
"0xde","0x8b5","0x6ef","0xde","0x33","0x0","0x0","0x4","0","0x0","3","0","0","0","0","0","0","0","0","0","0","0","0","0","0","0","0","60","20","30","35","15","5","25","0x0","0x0","0x0","0x0","0x0","0x0","0x80","0x0","0x0","0x0"
"0xdf","0x8b5","0x6ef","0xdf","0x33","0x0","0x0","0x3","0","0x0","3","0","0","0","0","0","0","0","0","0","0","0","0","0","0","0","0","60","20","30","35","15","5","25","0x0","0x0","0x0","0x0","0x0","0x0","0x80","0x0","0x0","0x0"
"0xe0","0x830","0x521","0xe0","0x31","0x0","0x0","0x6","0","0x0","1","0","0","0","0","0","0","0","0","0","0","0","0","0","0","0","0","60","20","30","35","15","5","25","0x0","0x0","0x0","0x0","0x0","0x0","0x0","0x0","0x0","0x0"
"0xe1","0x8ac","0x0","0xe1","0x31","0x0","0x0","0x0","0","0x0","0","0","0","0","0","0","0","0","0","0","0","0","0","0","0","0","0","0","0","0","0","0","0","0","0x0","0x0","0x0","0x0","0x0","0x0","0x0","0x0","0x0","0x0"
"0xe2","0x8ad","0x0","0xe2","0x31","0x0","0x0","0x0","0","0x0","0","0","0","0","0","0","0","0","0","0","0","0","0","0","0","0","0","0","0","0","0","0","0","0","0x0","0x0","0x0","0x0","0x0","0x0","0x0","0x0","0x0","0x0"
